iter	RMSE
0	1.006633334
1	1.003502012
2	1.000349456
